{
    "$\\Lambda$CDM": {
        "redshift": [
            0.0,
            0.04081632653061224,
            0.08163265306122448,
            0.12244897959183673,
            0.16326530612244897,
            0.2040816326530612,
            0.24489795918367346,
            0.2857142857142857,
            0.32653061224489793,
            0.36734693877551017,
            0.4081632653061224,
            0.44897959183673464,
            0.4897959183673469,
            0.5306122448979591,
            0.5714285714285714,
            0.6122448979591836,
            0.6530612244897959,
            0.6938775510204082,
            0.7346938775510203,
            0.7755102040816326,
            0.8163265306122448,
            0.8571428571428571,
            0.8979591836734693,
            0.9387755102040816,
            0.9795918367346939,
            1.0204081632653061,
            1.0612244897959182,
            1.1020408163265305,
            1.1428571428571428,
            1.183673469387755,
            1.2244897959183672,
            1.2653061224489794,
            1.3061224489795917,
            1.346938775510204,
            1.3877551020408163,
            1.4285714285714284,
            1.4693877551020407,
            1.510204081632653,
            1.5510204081632653,
            1.5918367346938773,
            1.6326530612244896,
            1.673469387755102,
            1.7142857142857142,
            1.7551020408163265,
            1.7959183673469385,
            1.8367346938775508,
            1.8775510204081631,
            1.9183673469387754,
            1.9591836734693877,
            2.0
        ],
        "number_density": [
            3.9306601141316613e-25,
            0.0013266588444554308,
            0.008883767088271214,
            0.022967537516356,
            0.04255046606788808,
            0.06669927903240336,
            0.09457104853776244,
            0.12540925997643296,
            0.15853961883352646,
            0.1933655168650432,
            0.22936316692083963,
            0.2660764710939969,
            0.303111716383851,
            0.34013220268347116,
            0.3768529055327847,
            0.41303526548662634,
            0.44848218083439817,
            0.4830332635053625,
            0.5165604011995966,
            0.5489636533161818,
            0.5801674947968875,
            0.6101174108657805,
            0.6387768368524476,
            0.6661244306968898,
            0.6921516611027051,
            0.7168606913440256,
            0.7402625371406776,
            0.7623754765098817,
            0.7832236898239314,
            0.8028361092253768,
            0.8212454578845964,
            0.838487461170624,
            0.8546002135168432,
            0.8696236864959879,
            0.883599365291752,
            0.8965700023059382,
            0.9085794780221266,
            0.9196727604258716,
            0.9298959552379379,
            0.9392964399413805,
            0.9479230750823959,
            0.9558264866172143,
            0.9630594131989927,
            0.9696771123005495,
            0.9757378190192179,
            0.9813032513952231,
            0.9864391561919738,
            0.9912158894475361,
            0.9957090268266461,
            1.0
        ]
    },
    "$\\Lambda$CDM, w = -1.15": {
        "redshift": [
            0.0,
            0.04081632653061224,
            0.08163265306122448,
            0.12244897959183673,
            0.16326530612244897,
            0.2040816326530612,
            0.24489795918367346,
            0.2857142857142857,
            0.32653061224489793,
            0.36734693877551017,
            0.4081632653061224,
            0.44897959183673464,
            0.4897959183673469,
            0.5306122448979591,
            0.5714285714285714,
            0.6122448979591836,
            0.6530612244897959,
            0.6938775510204082,
            0.7346938775510203,
            0.7755102040816326,
            0.8163265306122448,
            0.8571428571428571,
            0.8979591836734693,
            0.9387755102040816,
            0.9795918367346939,
            1.0204081632653061,
            1.0612244897959182,
            1.1020408163265305,
            1.1428571428571428,
            1.183673469387755,
            1.2244897959183672,
            1.2653061224489794,
            1.3061224489795917,
            1.346938775510204,
            1.3877551020408163,
            1.4285714285714284,
            1.4693877551020407,
            1.510204081632653,
            1.5510204081632653,
            1.5918367346938773,
            1.6326530612244896,
            1.673469387755102,
            1.7142857142857142,
            1.7551020408163265,
            1.7959183673469385,
            1.8367346938775508,
            1.8775510204081631,
            1.9183673469387754,
            1.9591836734693877,
            2.0
        ],
        "number_density": [
            4.0957286637396936e-13,
            0.0013370627736362679,
            0.008906302743008007,
            0.022928375672523035,
            0.042301554334029434,
            0.06603167525897821,
            0.0932309999134968,
            0.12311481866363397,
            0.15499629081855643,
            0.18828001288784219,
            0.2224547699031715,
            0.25708586487047563,
            0.29180735087829424,
            0.32631441815860623,
            0.36035612072938794,
            0.3937285678663438,
            0.42626865625486154,
            0.45784837950519,
            0.48836972207960166,
            0.5177601233697917,
            0.5459684832612611,
            0.5729616716147555,
            0.5987214993914844,
            0.623242107539174,
            0.6465277303300453,
            0.6685907918794693,
            0.6894502975256367,
            0.7091304852069433,
            0.7276597056407189,
            0.7450695037777215,
            0.7613938775421465,
            0.7766686931746244,
            0.790931239520451,
            0.804219906312099,
            0.8165739738680625,
            0.8280335036624688,
            0.8386393209121825,
            0.8484330816873473,
            0.8574574180915411,
            0.865756155795289,
            0.8733745986731583,
            0.880359875523653,
            0.8867613438969523,
            0.8926310459778203,
            0.8980242113534657,
            0.902999801427581,
            0.907621090333846,
            0.911956277567615,
            0.9160791283173966,
            1.0
        ]
    },